Fall;Einkommen;Kauf
1;1515.151515;0
2;1428.571429;1
3;1449.275362;0
4;1470.588235;0
5;1492.537313;0
6;1388.888889;0
7;1369.863014;0
8;1428.571429;0
9;1754.385965;1
10;1587.301587;1
11;1428.571429;1
12;1282.051282;0
13;1492.537313;0
14;1886.792453;1
15;1492.537313;0
16;1333.333333;0
17;1428.571429;0
18;1234.567901;0
19;1315.789474;0
20;1265.822785;0
21;1333.333333;1
22;1315.789474;0
23;1724.137931;1